"1","SCRUM","2016-05-25","2017-03-10","","8, 144","genilson.martins, andre.muniz","IoT, iOS"
"3","SCRUM","2016-06-10","2018-08-31","","25, 211","ext-cael.gomes, artur.farias",""
"13","SCRUM","2016-04-01","2017-04-10","","77, 78, 81, 79, 83, 80, 82","mateus, rogerio.nobrega, adelito.farias, claudio.cardoso, diego.santos, jonhnanthan.oliveira, nattan.lucena","iOS, CSS, HTML, JavaScript, IOT"
"14","SCRUM","2016-04-01","2017-02-24","","85, 89, 198, 223, 397","wesley.herculano, bruno.brandao, samir.feitosa, andre.gois, romildo.freitas","Android, Java, Node.js, Mobile, Web"
"15","SCRUM","2016-04-01","2017-02-28","","93, 105, 107","diego.azevedo, bruno.nascimento, jefferson.araujo","Web, iOS"
"17","SCRUM","2016-05-30","2016-12-22","","92, 102, 101, 98","raissa.silva, lorena.maia, matheus.campos, arthur.freire","Linux, HTML, Desktop, Lua"
"18","SCRUM","2016-09-15","2017-03-01","","91, 99, 94, 96, 59","fred, wagner.leal, diego.bezerra, tales.gurjao, yuri.gomes",""
"19","SCRUM","2016-04-01","2017-03-24","","113, 114","ycaro.ratis, tales.satiro",""
"22","SCRUM","2016-11-01","2017-07-31","","130, 77, 81, 143, 145, 146, 214","mateus, diego.santos, bruno.figueiredo, gutemberg, jose.caitano, franklin.bastos, fabricio.melo","JavaScript, IOT, Web, iOS, RESTful APIs, JSON"
"23","SCRUM","2016-10-31","2017-05-31","","77, 134, 135","mateus, julio.silva, igor.morais","Mobile, RFID, IOT, Desktop, iOS, RESTful APIs, Linux, Spring Java"
"25","SCRUM","2016-09-01","2018-04-13","","132, 138, 140, 141, 142, 178, 216, 190, 292, 18","joao.vitorino, joao.albuquerque, diego.alan, tiago.nobrega, vinicius.macedo, rafael.araujo, arthur.navarro, vandhuy.martins, ext-bruno.souza, ext-rafael.araujo",""
"26","SCRUM","2016-06-01","2017-03-31","","132, 148, 149, 150, 151, 152, 153, 154, 155","abraao.santos, luiz.correa, ulysses.gomes, joao.vitorino, erick.costa, gabriella.alves, jorge.feitosa, francisco.medeiros, carlos.vieira",""
"29","SCRUM","2017-01-23","2018-01-31","","175, 177, 34","augusto.macedo, paul.monthaler, giovani.barbosa","RESTful APIs, Angular 2, JavaScript"
"30","SCRUM","2017-01-23","2018-01-31","","175, 177, 168","henrique.florencio, augusto.macedo, paul.monthaler",""
"32","SCRUM","2017-01-02","2017-10-31","","173, 90","francisco.barros, danilo.santos",""
"35","SCRUM","2017-02-15","2019-06-30","Linux Ubuntu, Chrome, Unit01","180, 391, 103, 130, 136","fabricio.epaminondas, walter.guerra, epx, gutemberg, leandro.silva",""
"36","SCRUM","2017-01-01","2018-02-28","","105, 193, 196, 195, 197, 93, 107","diego.azevedo, bruno.nascimento, francisco.alves, jefferson.araujo, odravison.amaral, jose.santos, george.lima","Web, iOS"
"37","SCRUM","2017-02-15","2017-08-31","","85, 198, 223, 89","wesley.herculano, bruno.brandao, samir.feitosa, andre.gois","Android, Java, Node.js, Mobile, Web"
"39","SCRUM","2017-03-01","2017-08-31","","89, 85, 198, 223, 397","wesley.herculano, bruno.brandao, samir.feitosa, andre.gois, romildo.freitas","Android, Java, Node.js, Mobile, Web"
"40","SCRUM","2017-03-13","2017-11-17","","103, 115, 56, 9, 188, 187, 194, 7, 240","bruno.clementino, fabricio.epaminondas, luma.nascimento, elizabeth.naressi, massoni, ruan.oliveira, heitor.lira, ext-thiago.sampaio, ext-daniel.souza","Web, IoT, iOS"
"41","SCRUM","2017-04-01","2018-03-31","","57, 74, 262, 261","adrian.guedes, leonardo.cordeiro, talles.gomes, kawe.araujo","IOT, Lua, iOS, Python"
"42","SCRUM","2017-03-20","2017-06-30","","149, 103, 217, 2","fabricio.epaminondas, erick.costa, franclis.silva, fernando.nascimento","Spring Java"
"44","SCRUM","2017-04-01","2017-10-31","","6, 5, 219, 218, 221, 220, 240, 243, 103","fabricio.epaminondas, daniel.abella, pamella.freitas, bruno.nepomuceno, atylla.santos, marcio.pereira, fabricia.silva, massoni, ext-silvia.azevedo",""
"45","SCRUM","2017-04-12","2019-12-31","Android 5.0, Android 6.0, Android 7.1, Android 8.1, iOS 10.3, Android, iOS","94, 248, 273, 33","wagner.leal, mauricio.correa, ext-beatriz.monreal, mailson.costa","Android, CouchDB, JavaScript, iOS"
"46","SCRUM","2017-04-01","2018-02-28","","144, 30, 229, 227, 226, 228, 132, 225","andre.muniz, joao.vitorino, Marsell.Senko, maria.henrique, deyvison.oliveira, josimar.almeida, isaac.santos, anne.moreira","IoT, iOS, Web, Mobile, JavaScript, Android"
"47","SCRUM","2017-04-01","2018-03-31","","50, 30, 225, 8, 236, 237, 234, 98, 235, 149","raissa.silva, jemerson.damasio, manoel.leite, genilson.martins, Marsell.Senko, pedro.mello, diego.pereira, anne.moreira, erick.costa, emiliano.oliveira","IoT, Web, Mobile, JavaScript, iOS, Android"
"48","SCRUM","2017-06-05","2017-12-31","","214, 146, 143, 77, 145, 81, 130, 79, 215, 217, 205, 133, 349","mateus, adelito.farias, diego.santos, marcos.guedes, fernando.nascimento, bruno.figueiredo, felipe.silva, gutemberg, jose.caitano, franklin.bastos, fabricio.melo, pedro.passos, gilles.henriques","iOS, JavaScript, IOT, Desktop, Linux, RFID, MongoDB, Web, RESTful APIs, JSON"
"49","SCRUM","2017-07-01","2018-03-31","","65, 57, 67","adrian.guedes, renan.silva, thalita.goncalves","IOT, Lua, RESTful APIs, C++, iOS, Java"
"50","SCRUM","2017-07-18","2018-01-31","","168, 175, 63, 263","henrique.florencio, augusto.macedo, diego.ferreira, italo.lins","Lua, IOT, Java"
"51","SCRUM","2017-08-29","2019-02-28","","175, 168, 222","henrique.florencio, augusto.macedo, normando.carvalho",""
"52","SCRUM","2017-10-01","2018-01-30","","148, 155, 152, 77","mateus, abraao.santos, luiz.correa, ulysses.gomes",""
"53","SCRUM","2017-10-16","2018-08-31","","89, 223, 198, 85, 3, 327, 331, 397","rodrigo, wesley.herculano, vitruvio.alencar, bruno.brandao, samir.feitosa, andre.gois, ext-raul.simoes, romildo.freitas","Android, Java, Node.js, Mobile, Web"
"54","SCRUM","2017-10-16","2018-08-31","","85, 89, 223, 198, 397","wesley.herculano, bruno.brandao, samir.feitosa, andre.gois, romildo.freitas","Android, Java, Node.js, Mobile, Web"
"55","SCRUM","2017-10-16","2018-08-31","","223, 85, 89, 198, 3, 327","rodrigo, wesley.herculano, vitruvio.alencar, bruno.brandao, samir.feitosa, andre.gois","Android, Java, Node.js, Mobile, Web"
"57","SCRUM","2017-11-08","2018-11-30","","194, 115, 5, 305","elizabeth.naressi, daniel.abella, heitor.lira, arthur.araujo",""
"59","SCRUM","2018-01-01","2018-05-31","","271, 174","berg.elisson, renan.barbosa",""
"60","SCRUM","2017-01-01","2017-05-31","","77, 214, 143, 146, 145, 81","mateus, diego.santos, bruno.figueiredo, jose.caitano, franklin.bastos, fabricio.melo","JavaScript, IOT, Web, iOS, RESTful APIs, JSON"
"61","SCRUM","2018-01-29","2018-09-30","Browser: Google Chrome, Browser: Microsoft Edge, Browser: Mozilla Firefox, ServerStack-XenServer, ServerStack-FusionCompute, ServerStack-VMWare, ServerStack-Hyper-V","274, 281, 288, 148, 302, 301, 303, 289","abraao.santos, gervasio.assis, diogo.miranda, marcelo.sousa, diana.silva, henrique.ribeiro, eduardo.moura, elyervesson.pereira",""
"62","SCRUM","2018-01-31","2018-11-30","","177, 168, 73","henrique.florencio, paul.monthaler, rafael.santos","JavaScript, Python, iOS"
"63","SCRUM","2018-01-31","2018-11-30","","168, 63, 297, 263","henrique.florencio, diego.ferreira, italo.lins, dimitre.oliveira","Lua, IOT, Java"
"64","SCRUM","2018-01-31","2018-11-30","","168, 263, 73, 34","henrique.florencio, giovani.barbosa, italo.lins, rafael.santos","RESTful APIs, Angular 2, JavaScript, Python, iOS"
"65","SCRUM","2018-01-29","2018-09-30","Windows, Linux","3, 148, 119, 155, 152, 274","rodrigo, abraao.santos, luiz.correa, ulysses.gomes, Leonardo.Santos, marcelo.sousa",""
"66","SCRUM","2018-03-01","2019-03-31","Browser: Firefox 61.0.1, Browser: Chrome 67.0.3396.99","93, 105, 196, 195, 193, 107, 291, 328, 340","diego.azevedo, bruno.nascimento, francisco.alves, nathane.silva, jefferson.araujo, bianca.furtado, jose.santos, george.lima, vinicius.queiroz","Web, iOS"
"67","SCRUM","2018-02-01","2018-08-31","","3, 211, 71, 38","rodrigo, artur.farias, fagner.martins, caio.barbosa","RESTful APIs, iOS, JavaScript, Python, HTML, IOT"
"68","SCRUM","2018-03-05","2019-08-31","/*teste*/, ProvaDeConceito, Sistema Integrado","77, 282, 286, 285, 81, 214, 145, 143, 146, 317, 316, 370, 394, 391","mateus, diego.santos, igor.silva, sydeney.araujo, yago.silva, luan.balbino, bruno.figueiredo, jose.caitano, franklin.bastos, fabricio.melo, sarah.albuquerque, gabriel.rodrigues, ana.melo, leandro.silva","JavaScript, IOT, Web, iOS, RESTful APIs, JSON"
"69","SCRUM","2018-03-05","2019-07-31","Windows 10 - 64 bits","77, 282, 81, 214, 145, 143, 316, 317, 104, 286, 394, 285, 353, 391","mateus, diego.santos, naylla.estrela, thiago.xavier, igor.silva, yago.silva, luan.balbino, jose.caitano, franklin.bastos, fabricio.melo, sarah.albuquerque, gabriel.rodrigues, ana.melo, leandro.silva","JavaScript, IOT, iOS, RESTful APIs, JSON"
"70","SCRUM","2018-03-01","2018-12-31","","173, 90, 165","francisco.barros, guilherme.neves, danilo.santos","MongoDB, iOS"
"71","SCRUM","2018-04-01","2019-02-28","StackV1","236, 235, 229, 226, 228, 290, 227, 142, 292, 225, 323, 320, 322, 321, 137, 13, 400, 53, 300, 446, 209","amanda.fabricio, Marsell.Senko, luiz.escorel, maria.henrique, pedro.mello, diego.pereira, deyvison.oliveira, josimar.almeida, isaac.santos, diego.alan, rafael.araujo, ext-hoshino, ext-laercio.asano, ext-ericson.fonseca, ext-evelyn.morishita, bruno.santos, pedro.henriques, ana.silva, emanuel.dantas, bruno.dutra, Renata.Saraiva","Mobile, JavaScript, IoT, iOS"
"72","SCRUM","2018-02-01","2019-11-30","Moverio","5, 46, 27, 324, 395, 411, 363, 482, 500, 293","filipe.ramos, aristotenes.vilar, daniel.abella, gustavo.pires, ermeson.nobrega, francisco.favaro, paulo.menezes, luciano.reul, Guthyelvis.Xavier, Lourival.Bonfim","Web, JavaScript, Android"
"73","SCRUM","2018-04-01","2018-11-30","Browser: Chrome 67, ServerStackV1, Browser: Firefox 61","38, 71, 281, 191, 294, 295, 211, 300, 53, 161, 208, 372","amanda.fabricio, artur.farias, ana.silva, fagner.martins, jose.antonio, ext-afonso.moreira, caio.barbosa, diogo.miranda, ext-jose.rosa, ext-bernardes, vladwoguer.bezerra, felipe.ramos","Mobile, JavaScript, RESTful APIs, iOS, Python, HTML, IOT"
"75","SCRUM","2018-04-01","2018-12-31","","222, 176, 239, 238, 3, 94, 299","rodrigo, wagner.leal, lucas.medeiros, normando.carvalho, felipe.medeiros, jose.albuquerque, Nathan.Barreto",""
"76","SCRUM","2018-04-01","2019-03-31","","57, 65, 74, 67, 261","adrian.guedes, renan.silva, thalita.goncalves, leonardo.cordeiro, talles.gomes","IOT, Lua, RESTful APIs, C++, iOS, Java, Python"
"77","SCRUM","2018-04-01","2019-03-31","","57, 262, 67","adrian.guedes, thalita.goncalves, kawe.araujo","IOT, Lua"
"78","SCRUM","2018-03-01","2019-04-30","","132, 138, 142, 292, 178, 141, 216, 140, 18","joao.vitorino, joao.albuquerque, diego.alan, tiago.nobrega, vinicius.macedo, rafael.araujo, arthur.navarro, vandhuy.martins, ext-bruno.souza",""
"79","SCRUM","2018-05-01","2020-02-28","StackV1","290, 140, 138, 142, 228, 229, 178, 137, 356, 355, 382, 400, 454, 446, 435, 50","jemerson.damasio, luiz.escorel, deyvison.oliveira, josimar.almeida, joao.albuquerque, diego.alan, tiago.nobrega, vinicius.macedo, bruno.santos, patrick.azevedo, catarina.silva, matheus.silva, emanuel.dantas, ewerton.silva, bruno.dutra, Aline.Costa",""
"80","SCRUM","2018-02-01","2019-11-30","Browser Chrome, Browser Firefox, Android, Browser Chrome do Android","5, 46, 308, 242, 326, 27, 324, 220, 411, 363, 482, 357, 495, 500, 293","filipe.ramos, aristotenes.vilar, daniel.abella, marcio.pereira, danilo.coutinho, gustavo.pires, ermeson.nobrega, francisco.favaro, paulo.menezes, vinicius.silva, pablo.santos, Antonio.Neto, Guthyelvis.Xavier, João.Bezerra, Lourival.Bonfim","Web, JavaScript, Android"
"83","SCRUM","2018-01-02","2019-03-29","","18, 113, 56, 350, 351, 200, 114","bruno.clementino, arthur.navarro, ycaro.ratis, catharine.bezerra, tales.satiro, ahemenson.cavalcante, dandara.navarro","Web"
"84","SCRUM","2018-07-02","2019-08-31","iOS (stack v1), iOS (stack v2), iOS (stack v3), iOS (stack v4), Android (stack v1)","3, 85, 89, 198, 327, 223, 330, 332, 331, 373, 384, 397","rodrigo, wesley.herculano, vitruvio.alencar, bruno.brandao, samir.feitosa, andre.gois, ext-adriano.martins, ext-raul.simoes, ext-alex.lima, ext-cristiano, ext-diego.artur, romildo.freitas","Android, Java, Node.js, Mobile, Web"
"86","SCRUM","2018-07-01","2019-06-30","Browser: Chrome, Browser: Firefox","93, 2, 333, 211, 48, 340, 193, 291, 383","artur.farias, francisco.alves, nathane.silva, jefferson.araujo, bianca.furtado, franclis.silva, cristal.mazamba, felipe.belo, marcelo.brito","Spring Java, IoT"
"88","SCRUM","2018-06-01","2019-03-31","","271, 174, 343, 344, 342, 345, 387, 388, 403","berg.elisson, renan.barbosa, ext-leonardo.salgado, ext-gustavo, ext-leandro.biajante, ext-alexandre, gabriel.lemos, ext-suzane.vianna, ext-rafael.souza",""
"89","SCRUM","2018-07-01","2019-12-31","Navegador Firefox, Navegador Chrome","93, 105, 197, 366, 97, 193, 291","paulo.lira, diego.azevedo, francisco.alves, nathane.silva, jefferson.araujo, odravison.amaral, eline.macedo",""
"90","SCRUM","2018-07-24","2019-08-31","","281, 301, 84, 289, 288, 303","gervasio.assis, diogo.miranda, diana.silva, henrique.ribeiro, elyervesson.pereira, jota.freitas","Maven Java"
"92","SCRUM","2018-07-01","2019-01-31","Browser: Chrome 68, [Android] App mobile - v2.0.0, Stack 01","225, 8, 144, 137, 290, 142, 53, 300, 229, 228, 292","amanda.fabricio, genilson.martins, andre.muniz, Marsell.Senko, luiz.escorel, deyvison.oliveira, josimar.almeida, diego.alan, rafael.araujo, bruno.santos, ana.silva","Mobile, JavaScript, IoT, iOS"
"93","SCRUM","2018-04-23","2019-10-18","FenixRobot","282, 335, 336, 372, 370, 316, 317, 423, 458, 285, 44, 392","renato.ramiro, igor.silva, felipe.nascimento, Newton.fonseca, jose.antonio, sydeney.araujo, yago.silva, luan.balbino, camila.silva, fernando.vita, sarah.albuquerque, Bruno.Arruda","IOT, iOS"
"94","SCRUM","2018-08-01","2019-03-31","Windows 10 - 64 bits, Windows 10 - 32 bits","77, 146, 205, 143, 133, 349, 104, 154, 365, 353","mateus, naylla.estrela, marcos.guedes, thiago.xavier, felipe.felix, bruno.figueiredo, carlos.vieira, felipe.silva, jose.caitano, pedro.passos","Desktop, Linux, RFID, MongoDB, Web"
"97","SCRUM","2018-09-17","2018-10-19","","281, 71, 354, 361","caio.barbosa, diogo.miranda, antonio.queiroz, ext-regina.caixeta","JavaScript, Python, HTML, RESTful APIs, iOS, IOT"
"98","SCRUM","2018-09-18","2018-12-31","","38, 119, 270, 152, 358","ulysses.gomes, mendelssohn.sa, gessica.silva, fagner.martins, Leonardo.Santos","RESTful APIs, iOS"
"99","SCRUM","2018-09-24","2018-11-29","","5, 359, 360, 115, 305, 194, 369, 363, 27, 183, 181","filipe.ramos, elizabeth.naressi, pedro.medeiros, victor.batista, daniel.abella, heitor.lira, elyfran.medeiros, ermeson.nobrega, arthur.araujo, magno.dantas, wemerson.porto","Web, JavaScript"
"100","SCRUM","2018-10-01","2019-04-17","","18, 102, 367, 16, 28, 45","geraldo.lima, israel.cunha, arthur.navarro, arkjoaquitonyo, matheus.campos, marcos.leite","iOS, MongoDB"
"101","SCRUM","2018-11-05","2019-09-06","","354, 71, 169, 281, 386, 481","caio.barbosa, diogo.miranda, jordan.nunes, antonio.queiroz, leandro.marinho, Karam.Takieddine","JavaScript, Python, HTML, RESTful APIs, iOS, IOT"
"104","SCRUM","2019-02-01","2019-11-29","Stack 01","8, 144, 13, 137, 142, 400, 228, 229, 446","genilson.martins, andre.muniz, deyvison.oliveira, josimar.almeida, diego.alan, bruno.santos, pedro.henriques, emanuel.dantas, bruno.dutra","IoT, iOS"
"105","SCRUM","2019-02-01","2019-08-31","Windows 10 - 64bits, Linux OS, Android, Browser: Google Chrome, Windows 10 - 64bits - Internet Explorer 11, Windows 10 - 64bits - Chrome 74, Windows 10 - 32bits - Internet Explorer 11, Windows 8.1 - 64bits - Internet Explorer 11, Windows 8.1 - 32bits - Internet Explorer 11, Windows 7 - 32bits - Internet Explorer 11","77, 44, 353, 250, 202, 399, 398, 362, 349, 282, 145, 143, 154, 205, 79, 508","mateus, adelito.farias, marcelo.fernandes, renato.ramiro, wendley.franca, naylla.estrela, robson.sousa, tony.cavalcanti, igor.silva, joao.matos, carlos.vieira, felipe.silva, jose.caitano, franklin.bastos, pedro.passos, Rafael.Ramos","iOS, IOT, RESTful APIs, JavaScript, JSON"
"106","SCRUM","2019-02-04","2021-06-30","Web - Chrome, Android, Web - Firefox","241, 62, 82, 401, 402, 200, 56, 441, 445, 524, 283, 491, 484, 7, 477, 270, 351, 29","jonhnanthan.oliveira, bruno.clementino, edney.oliveira, antonio.dantas, luma.nascimento, catharine.bezerra, ahemenson.cavalcante, gessica.silva, gilmar.batista, augusto.oliveira, matheus.barbosa, ext-alef.oliveira, emilayne.corlett, bruno.winkeler, Thales.Souto, John.Lima, Waldemar.Coimbra, Ted.Medeiros","Web, iOS, MongoDB"
"107","SCRUM","2019-02-01","2019-12-31","Windows, Ubuntu18.04, Fedora30","94, 348, 209","wagner.leal, joao.antonio, Renata.Saraiva",""
"108","SCRUM","2019-02-01","2019-07-31","","77, 282, 399, 349, 398, 353, 362, 44, 250, 202, 205, 154","mateus, marcelo.fernandes, renato.ramiro, wendley.franca, naylla.estrela, robson.sousa, tony.cavalcanti, igor.silva, joao.matos, carlos.vieira, felipe.silva, pedro.passos","IOT, iOS"
"109","SCRUM","2019-03-01","2020-04-30","StackV1","236, 227, 226, 235, 229, 228, 225, 435, 50","jemerson.damasio, Marsell.Senko, maria.henrique, pedro.mello, diego.pereira, deyvison.oliveira, josimar.almeida, isaac.santos, ewerton.silva",""
"111","SCRUM","2019-02-01","2021-03-31","Chrome 72.0, Chrome 75.0, Chrome 77.0, Chrome 78.0","222, 420, 421, 247","emilio.farias, normando.carvalho, diogo.lima, jonatah.braz",""
"112","SCRUM","2019-02-01","2019-12-31","Browser: Chrome 74.0.3729.108, Browser: Firefox 66.0.5, Browser: Microsoft Edge 44.17763.1.0, Browser: Internet Explorer 11.437.17763.0, Browser: Safari 5.1.7, Electron, Desktop","222, 7, 211","luma.nascimento, artur.farias, normando.carvalho",""
"113","SCRUM","2019-01-01","2019-12-31","Linux - Firefox, Linux - Chrome, Windows - Firefox, Windows - Chrome","291, 38, 119, 152, 161, 366, 197, 209, 53, 97","paulo.lira, amanda.fabricio, nathane.silva, ulysses.gomes, odravison.amaral, eline.macedo, fagner.martins, Leonardo.Santos, vladwoguer.bezerra, Renata.Saraiva","Mobile, JavaScript, RESTful APIs, iOS"
"114","SCRUM","2018-12-01","2019-12-31","Browser: Chrome (75+), Browser: Firefox (69+), Browser: Microsoft Edge, Browser: Apple Safari, ONU 110 B (1.0-190918), ONT 142 NW (version com pach), ONT 121 W (version com pach), Chrome (75+)/ Firefox (69+)","180, 161, 53, 389, 392, 390, 336, 434, 439, 136, 391, 291, 119, 472","amanda.fabricio, nathane.silva, Leonardo.Santos, Newton.fonseca, vladwoguer.bezerra, walter.guerra, fabiano.miranda, fernando.vita, jose.nascimento, ext-denis.fernandes, Anderson.pereira, epx, leandro.silva, Galileu.Araújo","Mobile, JavaScript"
"115","SCRUM","2019-04-01","2020-04-30","Android 9, Android 8, Android 7, Android 5","16, 45, 367, 18, 351, 494, 174, 374, 183, 387","giuan.araujo, geraldo.lima, israel.cunha, arthur.navarro, arkjoaquitonyo, catharine.bezerra, victor.batista, renan.barbosa, gabriel.lemos, Lucas.Furtado","iOS"
"117","SCRUM","2019-04-01","2020-07-03","ATE (Emulator), ATE (TV)","57, 262, 67, 65, 476, 522","adrian.guedes, renan.silva, thalita.goncalves, kawe.araujo, Dênnis.Sousa, Andreza.Queiroz","IOT, Lua, RESTful APIs, C++, iOS, Java"
"118","SCRUM","2019-04-01","2020-07-03","TV, Emulator","57, 74, 65, 261, 67, 262, 303, 476, 522","adrian.guedes, renan.silva, thalita.goncalves, leonardo.cordeiro, talles.gomes, kawe.araujo, elyervesson.pereira, Dênnis.Sousa, Andreza.Queiroz","IOT, Lua, RESTful APIs, C++, iOS, Java, Python"
"119","SCRUM","2019-03-01","2021-03-31","Browser: Google Chrome v.62.0.3202.94, Windows 10, Browser: Google Chrome latest version, Browser: Edge v.40.15063.674.0, Browser: Edge latest version, Samsung S6 - 1440 x 2560, Zenfone 5 - 1080 x 2246, Ipad Mini - 2048 x 1536","282, 211, 209, 81, 415, 130, 498, 316","diego.santos, artur.farias, igor.silva, luan.balbino, jonatas.kinas, gutemberg, Renata.Saraiva, Danilo.Pequeno","JavaScript, IOT"
"120","SCRUM","2019-03-01","2021-03-31","SPM, Fonte Auxiliar, Placa de filtro, Placa de potência, Conversor SBC, Placa de gateway, Placa de controle, Circuito de Dessaturação, setup de testes 1.0, setup de testes 1.1, setup de testes 1.2, Setup EAP, Build 47.01.0 beta","282, 248, 416, 415, 370, 316, 417, 498, 467, 398, 130, 211","artur.farias, igor.silva, sydeney.araujo, luan.balbino, jonatas.kinas, joao.matos, montie.vitorino, mauricio.correa, ruan.gomes, gutemberg, Christian.Dias, Danilo.Pequeno",""
"121","SCRUM","2019-04-01","2019-12-31","","387, 174, 388, 403, 344, 271, 209","berg.elisson, renan.barbosa, ext-leandro.biajante, gabriel.lemos, ext-suzane.vianna, ext-rafael.souza, Renata.Saraiva",""
"123","SCRUM","2019-04-01","2020-03-31","Android 8 - Chrome, Android 9 - Chrome, iOS 12 - Safari, Windows 10 - Chrome, Android 7 - Chrome, iOS 12.1 - Chrome, iOS 13.3 - Chrome","5, 359, 305, 324, 326, 242, 220, 448, 27, 363, 411, 211, 482, 500, 425, 516, 281, 560, 544, 447","filipe.ramos, artur.farias, paulo.souto, daniel.abella, marcio.pereira, danilo.coutinho, diogo.miranda, UELIO.camara, gustavo.pires, ermeson.nobrega, francisco.favaro, arthur.araujo, magno.dantas, pablo.santos, marcos.costa, Guthyelvis.Xavier, Lourival.Bonfim, Vitor.Damasceno, Claudio.Carvalho, Agatha.Martins","Web, JavaScript"
"124","SCRUM","2019-05-01","2019-12-13","Chrome Browser 70+, IE11, Microsoft Edge 44","18, 293, 17, 31, 55, 183, 340, 211, 209, 28, 438","andre.albuquerque, artur.farias, arthur.navarro, marcos.leite, aristotenes.vilar, leonardo.cartaxo, anderson.lima, victor.batista, bianca.furtado, kalber.silva, Renata.Saraiva","Android, Web, iOS, Swift, MongoDB, RESTful APIs, Mobile"
"125","SCRUM","2019-05-01","2020-12-31","Android, iOS","33, 248, 94, 209, 490, 494","wagner.leal, mauricio.correa, mailson.costa, Renata.Saraiva, Hércules.Souza, Lucas.Furtado","Android, CouchDB, JavaScript, iOS"
"126","SCRUM","2019-04-04","2020-04-30","Google Chrome, Mozila Firefox","282, 437, 211, 2, 383, 209, 414","artur.farias, franclis.silva, igor.silva, william.barbosa, bruno.vasconcelos, marcelo.brito, Renata.Saraiva","Spring Java"
"127","SCRUM","2019-07-01","2021-12-31","Browser Chrome, Browser Chrome, Stack v1","333, 282, 475, 202, 553, 144, 423, 512, 247, 36, 487, 3","rodrigo, andre.andrade, marcelo.fernandes, andre.muniz, igor.silva, camila.silva, emilio.farias, cristal.mazamba, Johnny.Honorato, Gerson.Vieira, Herbert.Araújo, Tulio.Nóbrega","IoT, iOS"
"128","SCRUM","2019-07-01","2019-11-29","","449, 36, 471","andre.andrade, rony.andrade, Lucas.Wanderley",""
"129","SCRUM","2019-06-01","2021-05-31","Command Prompt - Windows, Terminal - Linux, Chrome, Firefox","538, 351, 105, 311, 457, 453, 205","diego.azevedo, catharine.bezerra, felipe.silva, gilmar.freitas, singrid.palmeira, Lucas.Cabral, Anderson.Silva",""
"131","SCRUM","2019-08-07","2021-03-31","Samsung Galaxy S8, Sony Xperia XZ1, Mi9 Pro 5G, Moverio, Google Chrome, Samsung Galaxy S10, Motorola Edge (5G)","173, 36, 131, 211, 459, 145, 465, 466, 214, 209, 502, 513","thiago.meneses, andre.andrade, artur.farias, franklin.bastos, fabricio.melo, danilo.santos, Renata.Saraiva, Pedro.Lira, Aramis.Araújo, Adauto.Barros, Mateus.Bezerra, Emanuel.Martins","iOS, RESTful APIs, JavaScript, JSON, IOT"
"132","SCRUM","2019-08-01","2020-07-31","","460, 462, 461, 463","Antonio.Filho, Matheus.Almeida, José.Mendes, Bruno.Silva",""
"133","KANBAN","2019-06-01","2020-01-31","Chrome, Firefox, Postman","105, 538, 351","diego.azevedo, catharine.bezerra, Anderson.Silva",""
"134","SCRUM","2019-08-01","2020-07-31","","460, 461","Antonio.Filho, Matheus.Almeida",""
"135","SCRUM","2019-09-01","2020-04-30","Android, iOS","85, 89, 198, 397, 223, 331, 330, 332, 373, 384, 271","wesley.herculano, bruno.brandao, samir.feitosa, andre.gois, ext-adriano.martins, ext-raul.simoes, ext-alex.lima, ext-cristiano, ext-diego.artur, romildo.freitas, berg.elisson","Android, Java, Node.js, Mobile, Web"
"136","SCRUM","2019-09-20","2021-12-30","Chrome 87, ServerStackV1, Firefox","3, 260, 490, 492, 491, 501, 483, 489, 503, 484, 282, 519, 543, 544, 549, 488, 557, 559, 565, 450, 572, 573, 574, 575, 576, 577","rodrigo, leonardo.lima, bruna.cruz, igor.silva, Gustavo.Nunes, John.Lima, José.Oliveira, Eduardo.Pessoa, Hércules.Souza, Waldemar.Coimbra, Ruan.Silva, Gabriel.Costa, Roberto.Oliveira, Enos.Silva, Jose.Falcone, Claudio.Carvalho, José.Sobrinho, Paulo.Leite, Marcelo.Santos, Raimundo.Ludgério, Lucas.Silva, Larrysa.Figueiredo, Isabela.Furtado, Jobson.Batista, Michael.Oliveira, Marcio.Costa",""
"137","SCRUM","2019-09-01","2020-12-31","","281, 209, 481, 71, 169, 354, 173","caio.barbosa, diogo.miranda, jordan.nunes, danilo.santos, antonio.queiroz, Renata.Saraiva, Karam.Takieddine","JavaScript, Python, HTML, RESTful APIs, iOS, IOT"
"138","SCRUM","2019-10-01","2021-05-31","Chrome, Firefox, Linux, Postman","351, 105, 538, 154, 250, 265, 480, 311, 453, 483","wendley.franca, diego.azevedo, catharine.bezerra, carlos.vieira, gilmar.freitas, singrid.palmeira, Daniel.Pires, Adyson.Queiroga, Gustavo.Nunes, Anderson.Silva",""
"139","KANBAN","2019-10-07","2020-09-30","Windows 10, macOS - Catalina - v10.15.2","77, 205, 362, 79, 508, 506, 507, 509, 510, 511, 365, 517, 526, 104","mateus, adelito.farias, robson.sousa, thiago.xavier, felipe.felix, felipe.silva, Joerverson.Santos, Ronily.Morais, Rafael.Ramos, Tiago.Lima, Luiz.Lopes, Julio.Gomes, Sérgio.Correia, Juliana.Medeiros","iOS"
"140","SCRUM","2019-10-14","2020-12-30","Alembic 1.9.1","297, 222, 478, 479, 168, 73, 263, 63, 7","luma.nascimento, henrique.florencio, diego.ferreira, italo.lins, dimitre.oliveira, rafael.santos, normando.carvalho, Hugo.Silva, Renato.Silva","Lua, IOT, Java, JavaScript, Python, iOS"
"141","SCRUM","2019-10-14","2019-12-20","","297, 222, 168","henrique.florencio, dimitre.oliveira, normando.carvalho",""
"142","SCRUM","2019-10-14","2020-12-30","","63, 222, 168, 175, 478, 7, 297, 263, 479","luma.nascimento, henrique.florencio, augusto.macedo, diego.ferreira, italo.lins, dimitre.oliveira, normando.carvalho, Hugo.Silva, Renato.Silva","Lua, IOT, Java"
"144","SCRUM","2019-11-01","2021-04-30","Windows 10 - Chrome, Android 9, Android 8.1, Android 7.1.1, IOS 13.3, IOS 12.3.1, Iphone 6 - IOS 12 .3.1 (safari), Windows 10 - Firefox, PWA, Jmeter, Android 8","308, 357, 27, 500, 363, 411, 482, 425, 516, 5, 447, 544, 543, 359, 492, 560","filipe.ramos, paulo.souto, daniel.abella, UELIO.camara, ermeson.nobrega, francisco.favaro, magno.dantas, vinicius.silva, Antonio.Neto, Guthyelvis.Xavier, Ruan.Silva, Lourival.Bonfim, Vitor.Damasceno, Jose.Falcone, Claudio.Carvalho, Agatha.Martins","Web, JavaScript"
"145","SCRUM","2019-11-01","2021-08-31","Windows 10 - Chrome, Android 8.1.0 - Google Chrome, Android 9 - Google Chrome, iOS 13.3 - Safari, Windows 10 - Firefox, Android 7.1.1 - Google Chrome, iOS 12.3.1 - Safari, Apache Jmeter - 5.3, iOS - 14.0.1","27, 500, 363, 411, 482, 425, 516, 308, 357, 455, 5, 447, 544, 543, 359, 503, 559, 560","filipe.ramos, paulo.souto, daniel.abella, UELIO.camara, ermeson.nobrega, francisco.favaro, magno.dantas, vinicius.silva, Antonio.Neto, Guthyelvis.Xavier, Lourival.Bonfim, Roberto.Oliveira, Raphael.Lima, Vitor.Damasceno, Jose.Falcone, Claudio.Carvalho, Marcelo.Santos, Agatha.Martins","Web, JavaScript"
"146","SCRUM","2019-11-12","2021-12-30","Browser: Chrome 85.0.4183.83, ServerStackV1, Browser: Microsoft Edge Versão 87.0.664.75, Browser: Google Chrome Versão 88.0.4324.96, Browser: Google Chrome Versão 87","3, 487, 486, 483, 54, 519, 489, 537, 543, 544, 549, 490, 554, 565","rodrigo, paulo.ouriques, Gustavo.Nunes, Kewyn.Silva, Gerson.Vieira, Eduardo.Pessoa, Hércules.Souza, Enos.Silva, Airton.Ferreira, Jose.Falcone, Claudio.Carvalho, José.Sobrinho, Douglas.Lima, Raimundo.Ludgério","iOS, Web, Android"
"147","SCRUM","2019-11-12","2020-10-30","","3, 489, 483, 488, 484, 503","rodrigo, Gustavo.Nunes, John.Lima, José.Oliveira, Eduardo.Pessoa, Roberto.Oliveira",""
"148","SCRUM","2019-11-01","2021-08-31","Windows 10 - Chrome, Android, iOS, iOS - Mais Recente, Android - Mais Recente, Services","46, 5, 495, 27, 425, 500, 363, 411, 516, 482, 448, 447, 544, 543, 537, 556, 560, 324, 305, 446, 520, 541, 574","filipe.ramos, paulo.souto, bruno.dutra, daniel.abella, UELIO.camara, gustavo.pires, ermeson.nobrega, francisco.favaro, arthur.araujo, paulo.menezes, marcos.costa, Guthyelvis.Xavier, João.Bezerra, Lourival.Bonfim, Vitor.Damasceno, Géssica.Alves, Airton.Ferreira, Juliana.Leite, Jose.Falcone, Claudio.Carvalho, Luan.Silva, Agatha.Martins, Isabela.Furtado","Web, JavaScript, Android"
"149","SCRUM","2019-11-01","2021-07-01","Windows 10 - Google Chrome, Android 8.1.0 - Google Chrome, Android 9 - Google Chrome, iOS 13.3 - Safari, Jmeter, iOS 12.3 - Safari, iOS 14.5 - Safari","281, 391, 372, 5, 27, 425, 500, 363, 411, 482, 516, 359, 448, 326, 447, 544, 543, 560, 446, 520","filipe.ramos, paulo.souto, bruno.dutra, daniel.abella, jose.antonio, diogo.miranda, UELIO.camara, ermeson.nobrega, francisco.favaro, leandro.silva, magno.dantas, pablo.santos, marcos.costa, Guthyelvis.Xavier, Lourival.Bonfim, Vitor.Damasceno, Géssica.Alves, Jose.Falcone, Claudio.Carvalho, Agatha.Martins","Web, JavaScript"
"150","SCRUM","2019-11-01","2022-09-30","Windows 10 - Chrome, Mesa de treinamento","5, 242, 220, 27, 425, 500, 363, 411, 482, 516, 305, 447, 544, 543, 560, 261, 446, 520, 47, 395, 541, 574","talles.gomes, filipe.ramos, paulo.souto, bruno.dutra, daniel.abella, marcio.pereira, danilo.coutinho, UELIO.camara, ermeson.nobrega, francisco.favaro, arthur.araujo, jailson.ferreira, luciano.reul, Guthyelvis.Xavier, Lourival.Bonfim, Vitor.Damasceno, Géssica.Alves, Juliana.Leite, Jose.Falcone, Claudio.Carvalho, Agatha.Martins, Isabela.Furtado","Web, JavaScript, RESTful APIs, Android"
"151","SCRUM","2019-12-02","2020-05-29","Stack 01","8, 13, 137, 50","jemerson.damasio, genilson.martins, bruno.santos, pedro.henriques","IoT, iOS"
"152","SCRUM","2019-12-13","2021-03-31","Chrome, Edge","18, 293, 17, 28, 438, 480, 454, 144","andre.muniz, arthur.navarro, marcos.leite, aristotenes.vilar, anderson.lima, kalber.silva, Aline.Costa, Adyson.Queiroga","IoT, iOS, MongoDB"
"153","SCRUM","2019-12-09","2020-08-31","Browser: Edge 44.18362.449.0, Browser: Chrome 79.0.3945.130","18, 144, 211, 81, 269, 202, 293, 387","diego.santos, jackson.lino, marcelo.fernandes, artur.farias, andre.muniz, arthur.navarro, aristotenes.vilar, gabriel.lemos","JavaScript, IOT, IoT, iOS"
"154","SCRUM","2020-01-06","2020-06-29","","173, 36, 131, 513, 459, 502, 211","thiago.meneses, andre.andrade, artur.farias, danilo.santos, Pedro.Lira, Mateus.Bezerra, Emanuel.Martins",""
"155","SCRUM","2020-01-06","2021-03-17","Linux - Chrome, Windows - Chrome, Windows - Firefox","180, 161, 53, 439, 434, 136, 389, 392, 472, 390, 391, 521, 523, 536, 468, 555, 470, 55, 387, 46","amanda.fabricio, andre.albuquerque, vladwoguer.bezerra, walter.guerra, fabiano.miranda, fernando.vita, jose.nascimento, ext-denis.fernandes, Anderson.pereira, epx, leandro.silva, gabriel.lemos, paulo.menezes, Lucas.Maia, Bruna.Moreira, Galileu.Araújo, Narcizo.Maniçoba, Felipe.Scheidt, Allender.Alencar, Weverton.Medeiros","Mobile, JavaScript, Android, Web, iOS, Swift"
"156","SCRUM","2020-01-06","2020-12-31","Windows 10, Ubuntu 18.04, Fedora 30 Workstation, macOS 10.15.2","94, 348, 520","wagner.leal, joao.antonio, Géssica.Alves",""
"157","SCRUM","2020-01-01","2021-12-31","Chrome, Firefox","38, 366, 152, 119, 291, 97, 241, 502, 404, 539, 169, 602, 618","paulo.lira, antonio.dantas, nathane.silva, ulysses.gomes, eline.macedo, fagner.martins, Leonardo.Santos, jordan.nunes, matheus.nicolas, Mateus.Bezerra, Luis.Fahning, Higor.Araújo, Gabrielly.Amorin","RESTful APIs, iOS"
"159","SCRUM","2020-01-01","2020-12-31","","168, 177, 34, 222, 477","henrique.florencio, paul.monthaler, giovani.barbosa, normando.carvalho, Thales.Souto","RESTful APIs, Angular 2, JavaScript"
"160","SCRUM","2020-03-01","2021-03-31","Windows, Linux (Raspberry), MacOS, Google Colab","77, 105","mateus, diego.azevedo",""
"161","SCRUM","2020-03-02","2021-02-28","AndonPlatformWindows [ME02SP08], AndonPlatformUbuntu [ME02SP08], AndonPlatform [ME02SP10], KitsPositioningPlatform","282, 336, 458, 335, 317, 423, 339, 532, 531, 399, 512, 438","tony.cavalcanti, igor.silva, felipe.nascimento, Newton.fonseca, yago.silva, camila.silva, kalber.silva, richard.senko, Bruno.Arruda, Herbert.Araújo, Andresso.Silva, Cleuves.Carvalho",""
"162","SCRUM","2020-05-04","2020-09-30","Google Chrome, Mi 9 Pro 5G, Terminal","36, 131, 466, 502, 214, 145, 465","thiago.meneses, andre.andrade, franklin.bastos, fabricio.melo, Aramis.Araújo, Adauto.Barros, Mateus.Bezerra","iOS, RESTful APIs, JavaScript, JSON, IOT"
"163","SCRUM","2020-05-04","2021-03-30","iOS, Android 8+, Android 6.0 - 7.1","89, 85, 198, 271, 397, 223, 331, 330, 373, 384, 332, 178, 356, 269, 550, 367, 552, 327, 359","jackson.lino, vinicius.macedo, catarina.silva, arkjoaquitonyo, wesley.herculano, vitruvio.alencar, bruno.brandao, samir.feitosa, andre.gois, ext-adriano.martins, ext-raul.simoes, ext-alex.lima, ext-cristiano, ext-diego.artur, romildo.freitas, berg.elisson, magno.dantas, Veruska.Santos, Guilherme.Lopes","Android, Java, Node.js, Mobile, Web"
"164","SCRUM","2020-05-01","2021-03-31","Android 6, Android 7, Android 8, Android 9, Android 8.1","18, 16, 45, 351, 494, 174, 183, 236, 435","geraldo.lima, israel.cunha, pedro.mello, arthur.navarro, ewerton.silva, catharine.bezerra, victor.batista, renan.barbosa, Lucas.Furtado","iOS"
"165","SCRUM","2020-05-11","2022-04-29","","173, 533, 450, 36, 535, 534, 496, 466, 465, 131, 548, 582","thiago.meneses, andre.andrade, bruna.cruz, danilo.santos, Aramis.Araújo, Adauto.Barros, Augusto.Firmo, André.Rodrigues, Marcos.Pereira, Dalton.Valadares, Tarciso.Oliveira, Rafael.Azevêdo",""
"166","SCRUM","2020-06-01","2021-06-30","UNIX, Chrome","283, 62, 524, 200, 445, 491, 484, 499, 7, 270","edney.oliveira, luma.nascimento, ahemenson.cavalcante, gessica.silva, emilayne.corlett, bruno.winkeler, John.Lima, Waldemar.Coimbra, Matheus.Rocha, Ted.Medeiros","iOS, MongoDB"
"168","SCRUM","2020-07-01","2022-02-01","CMD-MUXER, Windows","57, 522, 262, 67, 539, 303, 542, 519, 663, 662","adrian.guedes, thalita.goncalves, kawe.araujo, elyervesson.pereira, Enos.Silva, Andreza.Queiroz, Luis.Fahning, Stayner.Barros, João.Romão, Lucas.Silva","IOT, Lua"
"169","SCRUM","2020-07-01","2022-02-01","","57, 303, 539","adrian.guedes, elyervesson.pereira, Luis.Fahning","IOT, Lua"
"170","SCRUM","2020-07-09","2021-04-30","Workstation Z4G4 - Windows 10 - USA, Workstation Z4G4 - Windows 10 - VIRTUS","391, 449, 130, 540, 222","rony.andrade, normando.carvalho, gutemberg, leandro.silva, Lyang.Medeiros",""
"171","SCRUM","2020-06-19","2021-12-31","Windows 10 + Google Chrome, Raspberry Pi 4 Model B + Scanner Epson DS 780N, Windows 10 + Firefox","5, 211, 324, 395, 48, 27, 411, 170, 516, 425, 363, 482, 500, 305, 214, 447, 544, 543, 560, 446, 520, 541, 574","filipe.ramos, artur.farias, paulo.souto, bruno.dutra, daniel.abella, UELIO.camara, fabricio.melo, gustavo.pires, ermeson.nobrega, francisco.favaro, jeremias.araujo, felipe.belo, arthur.araujo, luciano.reul, Guthyelvis.Xavier, Lourival.Bonfim, Vitor.Damasceno, Géssica.Alves, Juliana.Leite, Jose.Falcone, Claudio.Carvalho, Agatha.Martins, Isabela.Furtado","Web, JavaScript, IoT"
"172","SCRUM","2020-07-20","2021-07-31","Atlas 200 DK, Atlas 500, Raspberry Pi Camera, Terminal Ubuntu 18.04, MindStudio, Terminal Docker, Mozilla FireFox, Postman, Model Manager","211, 539, 103, 235, 114, 541, 542, 394","fabricio.epaminondas, artur.farias, diego.pereira, tales.satiro, ana.melo, Luis.Fahning, Juliana.Leite, Stayner.Barros",""
"175","SCRUM","2020-09-14","2021-06-30","StackV1","290, 8, 227, 382, 138, 142, 140, 137, 225","genilson.martins, Marsell.Senko, luiz.escorel, isaac.santos, joao.albuquerque, diego.alan, tiago.nobrega, bruno.santos, matheus.silva","IoT"
"176","SCRUM","2020-10-05","2021-07-31","Linux, Google Chrome/Microsoft Edge","77, 526, 136, 517, 509, 508, 507, 104, 362, 181, 365, 65, 529, 28","mateus, renan.silva, robson.sousa, pedro.medeiros, marcos.leite, thiago.xavier, epx, felipe.felix, Ronily.Morais, Rafael.Ramos, Tiago.Lima, Sérgio.Correia, Juliana.Medeiros, Vélmer.Odon","IOT, RESTful APIs, C++, iOS, Java, MongoDB"
"177","SCRUM","2020-11-03","2021-09-30","[Incompativel] iOS 13 - Safari, Android 9 - Google Chrome 90+, Android 10 - Google Chrome, Windows 10 - Google Chrome 91+, IOS 14.6 - Safari, Android 9 - Google Chrome 91+, Windows 10 - Google Chrome 92+, Android 9 - Google Chrome 92+, Windows 10 - Google Chrome 93+, Android 9 - Google Chrome 93+, IOS 14+ - Safari, Windows 10 - Google Chrome 94+, Windows 10 - Google Chrome  95+, Android 11 - Google Chrome 95+, Android 9 - Google Chrome 95+, IOS 15 - Safari, Android 10 - Chrome 91+, Windows 10 - Firefox 93, Windows 10 - Firefox 94+ (64-bit), Windows 10 - Chrome 96+ (64-bit)","5, 326, 544, 543, 27, 560, 363, 482, 500, 447, 516, 411, 425, 357, 372, 324, 220, 359, 559, 492, 308, 503, 446, 520, 541, 574, 501, 305, 448, 170","filipe.ramos, paulo.souto, bruno.dutra, daniel.abella, marcio.pereira, jose.antonio, UELIO.camara, gustavo.pires, ermeson.nobrega, francisco.favaro, jeremias.araujo, arthur.araujo, magno.dantas, vinicius.silva, pablo.santos, marcos.costa, Antonio.Neto, Guthyelvis.Xavier, Ruan.Silva, Lourival.Bonfim, Gabriel.Costa, Roberto.Oliveira, Vitor.Damasceno, Géssica.Alves, Juliana.Leite, Jose.Falcone, Claudio.Carvalho, Marcelo.Santos, Agatha.Martins, Isabela.Furtado","Web, JavaScript"
"179","SCRUM","2020-12-01","2022-06-30","Windows 10 - Google Chrome 89+, Android AVD, Android 9, ASUS Tinkerboard II (Android 10)","5, 94, 381, 145, 214, 63, 479, 263, 560, 27, 425, 482, 411, 363, 543, 544, 447, 516, 500, 252, 446, 520, 541, 574","wagner.leal, filipe.ramos, paulo.souto, bruno.dutra, daniel.abella, diego.ferreira, italo.lins, UELIO.camara, franklin.bastos, fabricio.melo, ermeson.nobrega, francisco.favaro, jose.bezerra, Ednaldo.Filho, Renato.Silva, Guthyelvis.Xavier, Lourival.Bonfim, Vitor.Damasceno, Géssica.Alves, Juliana.Leite, Jose.Falcone, Claudio.Carvalho, Agatha.Martins, Isabela.Furtado","Web, JavaScript, Lua, IOT, Java, iOS, RESTful APIs, JSON"
"180","SCRUM","2021-01-01","2021-12-01","Fedora 30 Workstation, Windows, macOS","94, 348, 520, 487","wagner.leal, joao.antonio, Gerson.Vieira, Géssica.Alves",""
"181","SCRUM","2021-01-01","2021-12-31","Android, iOS","94, 33, 490, 494, 174","wagner.leal, renan.barbosa, mailson.costa, Hércules.Souza, Lucas.Furtado","Android, CouchDB, JavaScript, iOS"
"182","SCRUM","2021-01-25","2021-10-31","","354, 71, 169, 281, 173","caio.barbosa, diogo.miranda, jordan.nunes, danilo.santos, antonio.queiroz","JavaScript, Python, HTML, RESTful APIs, iOS, IOT"
"183","SCRUM","2021-01-25","2021-09-30","vManager","561, 563, 564, 461, 558","Matheus.Almeida, Hugo.Medeiros, Klynger.Dantas, Pedro.Cavalcante, José.Brito",""
"184","SCRUM","2021-01-05","2021-09-30","","558, 568, 463, 570, 571, 461, 564, 561, 563, 579","Matheus.Almeida, Bruno.Silva, Hugo.Medeiros, Klynger.Dantas, Pedro.Cavalcante, José.Brito, José.Lima, Thiago.Oliveira, Rubens.Abrantes, Gabriel.Magalhães",""
"186","SCRUM","2021-03-01","2021-09-30","","558, 561, 592","Hugo.Medeiros, Klynger.Dantas, Fernando.Sousa",""
"187","SCRUM","2021-01-01","2021-12-31","Chrome","18, 454, 438, 183","arthur.navarro, victor.batista, kalber.silva, Aline.Costa",""
"188","KANBAN","2021-03-15","2021-09-30","","461, 563, 564, 568, 570, 571, 558, 566","Matheus.Almeida, Hugo.Medeiros, Pedro.Cavalcante, José.Brito, Kelvin.Vale, José.Lima, Thiago.Oliveira, Rubens.Abrantes",""
"189","KANBAN","2021-03-17","2021-12-31","","538, 453, 457, 483, 603, 105, 605, 486","diego.azevedo, gilmar.freitas, Lucas.Cabral, Gustavo.Nunes, Kewyn.Silva, Anderson.Silva, André.Oliveira, Gutemberg.Filho",""
"190","SCRUM","2021-03-17","2021-12-31","","480, 265, 154, 604, 105","diego.azevedo, carlos.vieira, Daniel.Pires, Adyson.Queiroga, Yuri.Santos",""
"191","KANBAN","2021-03-17","2021-10-08","","105, 173","diego.azevedo, danilo.santos",""
"192","SCRUM","2021-03-17","2021-12-31","","205, 606, 351, 105, 250, 473, 311, 114, 357","wendley.franca, diego.azevedo, catharine.bezerra, tales.satiro, felipe.silva, singrid.palmeira, Antonio.Neto, Denys.Lins, Gildo.Neto",""
"193","SCRUM","2021-03-17","2021-07-31","","18, 454, 438, 183, 580","arthur.navarro, victor.batista, kalber.silva, Aline.Costa, Williamberg.Ferreira",""
"194","SCRUM","2021-03-17","2021-07-31","","18, 17, 293, 16","geraldo.lima, arthur.navarro, aristotenes.vilar, anderson.lima","iOS, MongoDB"
"197","SCRUM","2021-03-18","2021-08-30","","450, 466, 465, 496, 131, 582, 548, 638","thiago.meneses, bruna.cruz, Aramis.Araújo, Adauto.Barros, Augusto.Firmo, Tarciso.Oliveira, Rafael.Azevêdo, Maysa.Araújo",""
"198","SCRUM","2021-03-18","2021-12-31","","450, 466, 465, 496, 131, 582, 548, 638","thiago.meneses, bruna.cruz, Aramis.Araújo, Adauto.Barros, Augusto.Firmo, Tarciso.Oliveira, Rafael.Azevêdo, Maysa.Araújo",""
"199","SCRUM","2021-03-19","2021-07-31","","94, 348, 487, 520","wagner.leal, joao.antonio, Gerson.Vieira, Géssica.Alves",""
"200","SCRUM","2021-03-19","2021-10-08","","94, 33, 174, 490, 494, 531","wagner.leal, renan.barbosa, mailson.costa, Hércules.Souza, Lucas.Furtado, Andresso.Silva","Android, CouchDB, JavaScript, iOS"
"201","SCRUM","2021-03-19","2021-12-31","","94, 63, 479, 381, 145, 263, 444, 613, 612, 616, 654","wagner.leal, diego.ferreira, italo.lins, franklin.bastos, jose.bezerra, Renato.Silva, Raquel.Albert, Almir.Crispiniano, Axél.Medeiros, Matheus.Claudino, Sofia.Cavalcanti","Lua, IOT, Java, iOS, RESTful APIs, JavaScript, JSON"
"202","SCRUM","2021-03-19","2021-12-31","","539, 542, 235, 114, 394, 541","diego.pereira, tales.satiro, ana.melo, Luis.Fahning, Juliana.Leite, Stayner.Barros",""
"203","SCRUM","2021-03-22","2021-10-31","","281, 354, 71, 169","caio.barbosa, diogo.miranda, jordan.nunes, antonio.queiroz","JavaScript, Python, HTML, RESTful APIs, iOS, IOT"
"204","SCRUM","2021-03-22","2021-09-30","","583, 558","Hugo.Medeiros, Danilo.Cavalcanti",""
"205","SCRUM","2021-03-22","2021-12-31","","225, 290, 227, 8, 382, 138, 140, 137, 142","genilson.martins, Marsell.Senko, luiz.escorel, isaac.santos, joao.albuquerque, diego.alan, tiago.nobrega, bruno.santos, matheus.silva","IoT"
"206","SCRUM","2021-03-22","2021-12-31","","562, 585, 584, 587, 588, 450","bruna.cruz, Wislayne.Silva, Luana.Melo, Thalyta.Nascimento, Vinicius.Silva, Italo.Pereira",""
"207","SCRUM","2021-03-01","2021-12-31","","180, 46, 536, 389, 390, 391, 439","walter.guerra, fabiano.miranda, jose.nascimento, Anderson.pereira, leandro.silva, paulo.menezes, Allender.Alencar","Android"
"208","SCRUM","2021-03-28","2021-12-31","","180, 46, 387, 472, 161","vladwoguer.bezerra, walter.guerra, gabriel.lemos, paulo.menezes, Galileu.Araújo","JavaScript, Android"
"209","SCRUM","2021-03-28","2021-12-31","","180, 46, 53","amanda.fabricio, walter.guerra, paulo.menezes","Mobile, JavaScript, Android"
"210","SCRUM","2021-03-28","2021-12-31","","180, 46, 470, 458, 392, 468, 555, 335, 509, 181","pedro.medeiros, felipe.nascimento, walter.guerra, fernando.vita, paulo.menezes, Bruno.Arruda, Lucas.Maia, Bruna.Moreira, Tiago.Lima, Weverton.Medeiros","Android"
"211","SCRUM","2021-03-31","2021-12-31","","5, 242, 305, 275, 448, 556, 495","alex.galvao, daniel.abella, danilo.coutinho, arthur.araujo, marcos.costa, João.Bezerra, Luan.Silva",""
"212","SCRUM","2021-03-31","2021-12-31","","5, 242, 305, 359, 372, 610, 611","daniel.abella, jose.antonio, danilo.coutinho, arthur.araujo, magno.dantas, Edson.Nascimento, Arthur.Porto",""
"213","SCRUM","2021-03-31","2021-12-31","","5, 281, 305, 242, 560, 357, 544, 48, 543, 559, 503, 492, 308, 277, 27","filipe.ramos, daniel.abella, danilo.coutinho, diogo.miranda, felipe.belo, arthur.araujo, vinicius.silva, Antonio.Neto, Thyago.Pê, Ruan.Silva, Roberto.Oliveira, Jose.Falcone, Claudio.Carvalho, Marcelo.Santos, Agatha.Martins","Web, JavaScript, IoT"
"214","SCRUM","2021-03-31","2021-12-31","","5, 242, 305, 214, 411, 482, 447, 425, 516, 363","paulo.souto, daniel.abella, danilo.coutinho, UELIO.camara, fabricio.melo, ermeson.nobrega, francisco.favaro, arthur.araujo, Guthyelvis.Xavier, Vitor.Damasceno",""
"215","SCRUM","2021-03-31","2021-12-31","","5, 242, 305, 220, 395, 324, 412","daniel.abella, marcio.pereira, danilo.coutinho, gustavo.pires, arthur.araujo, luciano.reul, Eric.Sousa",""
"216","SCRUM","2021-03-31","2021-12-31","","5, 242, 305, 170, 500, 279, 537, 261, 308, 492, 503, 559, 585, 584, 588, 587, 446, 520","talles.gomes, bruno.dutra, daniel.abella, danilo.coutinho, jeremias.araujo, arthur.araujo, vinicius.silva, Aristóteles.Silva, Ruan.Silva, Lourival.Bonfim, Roberto.Oliveira, Géssica.Alves, Airton.Ferreira, Marcelo.Santos, Luana.Melo, Thalyta.Nascimento, Vinicius.Silva, Italo.Pereira",""
"217","SCRUM","2021-03-31","2021-12-31","","5, 326, 305, 537","daniel.abella, arthur.araujo, pablo.santos, Airton.Ferreira",""
"218","SCRUM","2021-04-01","2021-12-30","iOS, Android 8+, Android 6.0 - 7.1","327, 85, 89, 223, 269, 198, 367, 356, 331, 308, 397, 359","jackson.lino, catarina.silva, arkjoaquitonyo, wesley.herculano, vitruvio.alencar, bruno.brandao, samir.feitosa, andre.gois, ext-raul.simoes, romildo.freitas, magno.dantas, vinicius.silva","Android, Java, Node.js, Mobile, Web"
"219","SCRUM","2021-04-01","2021-12-31","","558, 461, 600, 567","Matheus.Almeida, Hugo.Medeiros, Vinícius.Bonfim, Kaline.Menezes",""
"220","SCRUM","2021-04-01","2021-12-31","","558, 463, 570, 561, 592, 563","Bruno.Silva, Hugo.Medeiros, Klynger.Dantas, Pedro.Cavalcante, Thiago.Oliveira, Fernando.Sousa",""
"221","SCRUM","2021-04-01","2021-12-31","","558, 579, 597, 598","Hugo.Medeiros, Gabriel.Magalhães, Hawllysson.Almeida, Emídio.Oliveira",""
"222","SCRUM","2021-04-01","2021-12-31","","558, 583, 460, 568, 571, 596, 566, 598","Antonio.Filho, Hugo.Medeiros, Kelvin.Vale, José.Lima, Rubens.Abrantes, Danilo.Cavalcanti, Marcio.Almeida, Emídio.Oliveira",""
"223","SCRUM","2021-04-01","2021-12-31","","558, 589, 601, 595","Hugo.Medeiros, Thiago.Cruz, João.Gomes, Lucas.Martins",""
"224","SCRUM","2021-04-06","2021-12-31","Postman, Google Chrome 85+","575, 549, 573, 576, 565, 577, 578, 562","José.Sobrinho, Wislayne.Silva, Raimundo.Ludgério, Larrysa.Figueiredo, Jobson.Batista, Michael.Oliveira, Marcio.Costa, Jeiseel.Silva",""
"226","SCRUM","2021-04-07","2021-08-31","","562, 602, 580, 450","bruna.cruz, Wislayne.Silva, Williamberg.Ferreira, Higor.Araújo",""
"228","SCRUM","2021-04-13","2021-12-30","","77, 257, 528, 372, 621, 501, 225","mateus, Marsell.Senko, jose.antonio, diego.lima, Gabriel.Costa, Jair.Ferreira, Bernard.Odon",""
"229","SCRUM","2021-04-01","2021-10-31","","18, 177, 550, 173, 653, 580","arthur.navarro, paul.monthaler, danilo.santos, Veruska.Santos, Williamberg.Ferreira, Tiago.Araújo",""
"230","SCRUM","2021-04-01","2021-12-31","","77, 362, 507, 509, 517, 181","mateus, robson.sousa, pedro.medeiros, Ronily.Morais, Tiago.Lima, Sérgio.Correia",""
"231","SCRUM","2021-04-01","2021-10-08","","77, 508, 526, 365, 529, 65, 173, 28","mateus, renan.silva, marcos.leite, felipe.felix, danilo.santos, Rafael.Ramos, Juliana.Medeiros, Vélmer.Odon","IOT, RESTful APIs, C++, iOS, Java, MongoDB"
"232","SCRUM","2021-04-01","2021-12-31","","241, 38, 97, 119, 366, 152, 291, 358, 502, 602, 618, 539, 404","paulo.lira, antonio.dantas, nathane.silva, ulysses.gomes, eline.macedo, mendelssohn.sa, fagner.martins, Leonardo.Santos, matheus.nicolas, Mateus.Bezerra, Luis.Fahning, Higor.Araújo, Gabrielly.Amorin","RESTful APIs, iOS"
"233","KANBAN","2021-04-21","2021-12-31","","609, 607, 608, 562, 82","jonhnanthan.oliveira, Wislayne.Silva, Caroliny.Silva, Gabriel.Azevêdo, José.Oliveira",""
"234","SCRUM","2021-04-01","2021-12-31","","105, 165, 226, 525, 530, 620, 619","diego.azevedo, guilherme.neves, maria.henrique, Beatriz.Nunes, Órion.Lima, Lourival.Netto, Mariane.Carvalho","MongoDB, iOS"
"235","SCRUM","2021-04-02","2021-12-30","","222, 420, 326","normando.carvalho, diogo.lima, pablo.santos",""
"236","SCRUM","2021-04-29","2021-06-30","","545, 546, 562","Alexsandra.Souto, Matheus.Guerra, Wislayne.Silva",""
"237","SCRUM","2021-04-30","2021-12-31","","610, 611, 562","Wislayne.Silva, Edson.Nascimento, Arthur.Porto",""
"238","SCRUM","2021-05-03","2021-12-31","","391, 449, 540, 130, 222, 467","rony.andrade, normando.carvalho, gutemberg, leandro.silva, Christian.Dias, Lyang.Medeiros",""
"239","SCRUM","2021-04-01","2021-12-31","Windows 10 - Chrome (Mock Environment), Windows 10 - Chrome (Relevant Environment)","18, 236, 16, 397, 556, 435, 406, 36, 500, 560, 544, 363, 27, 411, 482, 447, 543, 425, 516, 446, 520, 541, 574, 640, 639, 641, 65","renan.silva, geraldo.lima, filipe.ramos, andre.andrade, paulo.souto, pedro.mello, arthur.navarro, ewerton.silva, bruno.dutra, marcos.arruda, UELIO.camara, ermeson.nobrega, francisco.favaro, romildo.freitas, Guthyelvis.Xavier, Lourival.Bonfim, Vitor.Damasceno, Géssica.Alves, Juliana.Leite, Jose.Falcone, Claudio.Carvalho, Luan.Silva, Agatha.Martins, Isabela.Furtado, Brenda.Alves, Euclides.Filho, Gustavo.Gambarra","IOT, RESTful APIs, C++, iOS, Java, Web, JavaScript"
"240","SCRUM","2021-04-01","2022-03-31","Windows 10 - Chrome, Voice Assistant","18, 16, 36, 27, 560, 446, 544, 363, 411, 482, 543, 500, 447, 425, 516, 520, 227, 8, 178, 541, 633, 635, 634, 574, 655","geraldo.lima, filipe.ramos, andre.andrade, paulo.souto, genilson.martins, isaac.santos, vinicius.macedo, arthur.navarro, bruno.dutra, UELIO.camara, ermeson.nobrega, francisco.favaro, Guthyelvis.Xavier, Lourival.Bonfim, Vitor.Damasceno, Géssica.Alves, Juliana.Leite, Jose.Falcone, Claudio.Carvalho, Agatha.Martins, Isabela.Furtado, Maria.Silva, Mateus.Aires, Pedro.Lima, Kaio.Lucena","iOS, Web, JavaScript, IoT"
"241","SCRUM","2021-05-06","2021-12-31","","612, 613, 614, 615, 616, 562, 656, 520, 450, 654","bruna.cruz, Géssica.Alves, Wislayne.Silva, Almir.Crispiniano, Axél.Medeiros, Eduardo.Silva, Eduardo.Santos, Matheus.Claudino, Sofia.Cavalcanti, Gabriel.Santos",""
"242","SCRUM","2021-05-03","2021-12-31","","225, 29, 518, 531, 138, 290, 140, 142, 657, 659, 658","Marsell.Senko, luiz.escorel, joao.albuquerque, diego.alan, tiago.nobrega, gilmar.batista, Felipe.Madia, Andresso.Silva, Jaciane.Cruz, José.Júnior, Márcia.Pontes",""
"243","SCRUM","2021-05-03","2022-02-25","SPM [ME01SP2], SPM [ME01SP3], SBC [ME02SP05], SBC_01_02, SPM[ME03SP7], SBC [ME04SP09], SBC [ME05SP11], SBC [ME05SP12]","282, 415, 467, 532, 498, 81, 398, 316, 336, 370, 317, 644, 675, 676","diego.santos, igor.silva, Newton.fonseca, sydeney.araujo, yago.silva, luan.balbino, jonatas.kinas, joao.matos, Christian.Dias, Danilo.Pequeno, Cleuves.Carvalho, Ítalo.Pinheiro, Marley.Sousa, Gabriel.Miranda","JavaScript, IOT"
"244","SCRUM","2021-05-01","2021-12-31","","241, 283, 62, 401, 546, 545","edney.oliveira, antonio.dantas, augusto.oliveira, bruno.winkeler, Alexsandra.Souto, Matheus.Guerra","iOS, MongoDB"
"245","SCRUM","2021-05-03","2021-12-31","","222, 168, 184, 73","henrique.florencio, arthur.calda, rafael.santos, normando.carvalho","JavaScript, Python, iOS"
"246","SCRUM","2021-05-01","2021-12-31","","241, 82, 402, 499","jonhnanthan.oliveira, antonio.dantas, matheus.barbosa, Matheus.Rocha",""
"247","KANBAN","2021-05-01","2021-12-31","","241, 445, 484, 524","antonio.dantas, emilayne.corlett, John.Lima, Ted.Medeiros",""
"248","KANBAN","2021-05-01","2021-12-31","","241, 200, 56, 7, 491","bruno.clementino, antonio.dantas, luma.nascimento, ahemenson.cavalcante, Waldemar.Coimbra","Web"
"249","SCRUM","2021-05-01","2021-12-31","","241, 478, 73, 477","antonio.dantas, rafael.santos, Thales.Souto, Hugo.Silva","JavaScript, Python, iOS"
"250","KANBAN","2021-05-01","2021-12-31","","282, 475, 333, 202, 423","marcelo.fernandes, igor.silva, camila.silva, cristal.mazamba, Johnny.Honorato",""
"251","SCRUM","2021-05-01","2021-12-31","","282, 467, 398, 317, 532, 649, 648","igor.silva, yago.silva, joao.matos, Christian.Dias, Cleuves.Carvalho, Larissa.Silva, Clarice.Soares",""
"252","SCRUM","2021-06-01","2021-12-01","","282, 553, 229, 247","deyvison.oliveira, igor.silva, emilio.farias, Tulio.Nóbrega",""
"253","SCRUM","2021-06-02","2022-02-28","StackV1","225, 29, 518, 358, 531, 290, 142, 140, 138, 559","Marsell.Senko, luiz.escorel, joao.albuquerque, diego.alan, tiago.nobrega, mendelssohn.sa, gilmar.batista, Felipe.Madia, Andresso.Silva, Marcelo.Santos",""
"254","SCRUM","2021-06-01","2021-12-31","Plataforma Web - Ambiente AWS Dev","173, 436","danilo.santos, danyllo.albuquerque",""
"255","SCRUM","2021-06-01","2021-12-31","","222, 421, 420, 168, 184, 623, 449","rony.andrade, henrique.florencio, arthur.calda, normando.carvalho, diogo.lima, jonatah.braz, Arthur.Oliveira",""
"256","SCRUM","2021-05-01","2021-12-31","","282, 415, 336, 370, 316, 399, 81, 498","diego.santos, tony.cavalcanti, igor.silva, Newton.fonseca, sydeney.araujo, luan.balbino, jonatas.kinas, Danilo.Pequeno","JavaScript, IOT"
"257","SCRUM","2021-06-18","2022-09-30","","558, 460","Antonio.Filho, Hugo.Medeiros",""
"259","SCRUM","2021-06-21","2021-12-31","","625, 624, 636, 637, 562","Wislayne.Silva, Vinicius.Lima, Joélio.Silva, Raiani.Pontes, Izabella.Silva",""
"260","SCRUM","2019-10-01","2021-05-31","","105, 538, 351, 265","diego.azevedo, catharine.bezerra, Daniel.Pires, Anderson.Silva",""
"261","SCRUM","2021-07-01","2021-12-31","","548, 466, 465, 496, 582, 638, 131","thiago.meneses, Aramis.Araújo, Adauto.Barros, Augusto.Firmo, Tarciso.Oliveira, Rafael.Azevêdo, Maysa.Araújo",""
"262","SCRUM","2021-07-01","2022-02-28","PAX (A77) [Mobile], Gpos (700) [Mobile], Chrome [Web], MP35 [UNIX], Chrome [Web] | PAX (A77) [Mobile], Chrome [Web] | Gpos (700) [Mobile], Firefox [Web] - GPOS 700 [v181B.32], NEWLAND (N700) [Mobile], Chrome [Web] | NEWLAND (N700) [Mobile], Gpos (700) [Mobile] | PAX (A77) [Mobile]","62, 56, 283, 200, 401, 445, 270, 484, 82, 7, 402, 524, 477, 491, 29, 351","jonhnanthan.oliveira, bruno.clementino, edney.oliveira, luma.nascimento, catharine.bezerra, ahemenson.cavalcante, gessica.silva, gilmar.batista, augusto.oliveira, matheus.barbosa, emilayne.corlett, bruno.winkeler, Thales.Souto, John.Lima, Waldemar.Coimbra, Ted.Medeiros","Web, iOS, MongoDB"
"263","SCRUM","2021-07-08","2021-12-31","","632, 631, 562, 450","bruna.cruz, Wislayne.Silva, Nayara.Souza, Matheus.Araújo",""
"264","SCRUM","2021-07-01","2021-12-31","","282, 144, 512","andre.muniz, igor.silva, Herbert.Araújo","IoT, iOS"
"265","SCRUM","2021-06-01","2021-12-31","Chrome, Firefox, Windows, Linux","105, 538, 351, 643, 480, 603, 154, 265, 473, 205, 606, 453, 483, 605, 486, 457, 311, 114, 250, 604, 652, 650, 651, 357","wendley.franca, diego.azevedo, catharine.bezerra, tales.satiro, carlos.vieira, felipe.silva, gilmar.freitas, singrid.palmeira, Daniel.Pires, Antonio.Neto, Lucas.Cabral, Denys.Lins, Adyson.Queiroga, Gustavo.Nunes, Kewyn.Silva, Anderson.Silva, André.Oliveira, Yuri.Santos, Gutemberg.Filho, Gildo.Neto, Guilherme.Pretto, Erasmo.Isotton, Juliano.Vacaro, Diego.Pedroso",""
"266","SCRUM","2021-07-19","2021-12-31","","77, 528, 257","mateus, diego.lima, Jair.Ferreira",""
"267","SCRUM","2021-08-02","2021-12-31","","539, 262, 522, 542, 303, 57, 476, 67, 519","adrian.guedes, thalita.goncalves, kawe.araujo, elyervesson.pereira, Dênnis.Sousa, Enos.Silva, Andreza.Queiroz, Luis.Fahning, Stayner.Barros","IOT, Lua"
"268","SCRUM","2021-08-01","2022-03-30","","77, 365, 47, 526","mateus, felipe.felix, jailson.ferreira, Juliana.Medeiros","RESTful APIs, Android"
"269","SCRUM","2021-08-02","2022-09-30","","558, 563, 461, 566, 600, 595","Matheus.Almeida, Hugo.Medeiros, Pedro.Cavalcante, Kelvin.Vale, João.Gomes, Kaline.Menezes",""
"270","SCRUM","2021-09-01","2021-12-31","","241, 382, 348, 478, 517","joao.antonio, antonio.dantas, matheus.silva, Hugo.Silva, Sérgio.Correia",""
"271","SCRUM","2021-08-01","2022-09-30","","558, 561, 592, 591","Hugo.Medeiros, Klynger.Dantas, Danilo.Andrade, Fernando.Sousa",""
"272","SCRUM","2021-08-01","2022-09-30","","558, 463, 568, 571, 570, 563","Bruno.Silva, Hugo.Medeiros, Pedro.Cavalcante, José.Lima, Thiago.Oliveira, Rubens.Abrantes",""
"273","SCRUM","2021-08-01","2022-09-30","","558, 583","Hugo.Medeiros, Danilo.Cavalcanti",""
"274","SCRUM","2021-08-01","2022-09-30","","558, 583, 589, 596, 460, 568, 571, 463, 570, 563, 461, 566, 592, 561, 598, 600, 595, 567, 591","Antonio.Filho, Matheus.Almeida, Bruno.Silva, Hugo.Medeiros, Klynger.Dantas, Pedro.Cavalcante, Kelvin.Vale, Vinícius.Bonfim, José.Lima, Thiago.Oliveira, Rubens.Abrantes, Danilo.Cavalcanti, Thiago.Cruz, Danilo.Andrade, Fernando.Sousa, João.Gomes, Marcio.Almeida, Emídio.Oliveira, Kaline.Menezes",""
"275","SCRUM","2021-09-01","2021-12-31","","562, 661","Wislayne.Silva, Jamilson.Silva",""
"276","SCRUM","2021-09-01","2021-12-31","","562, 660","Wislayne.Silva, Igor.Filho",""
"279","SCRUM","2021-10-01","2022-09-30","","5, 495, 242, 448, 503, 27","filipe.ramos, daniel.abella, danilo.coutinho, marcos.costa, João.Bezerra, Roberto.Oliveira","Web, JavaScript"
"280","SCRUM","2021-10-01","2022-09-30","","281, 354, 71, 478","caio.barbosa, diogo.miranda, antonio.queiroz, Hugo.Silva","JavaScript, Python, HTML, RESTful APIs, iOS, IOT"
"281","SCRUM","2021-10-04","2021-12-31","","562, 614, 615","Wislayne.Silva, Eduardo.Silva, Eduardo.Santos",""
"282","SCRUM","2021-10-01","2021-12-31","","33, 494, 490, 174, 656, 94","wagner.leal, renan.barbosa, mailson.costa, Hércules.Souza, Lucas.Furtado, Gabriel.Santos","Android, CouchDB, JavaScript, iOS"
"284","2021-07-01","2022-03-31","","260, 492, 305, 242, 503, 261, 575, 559, 577, 576, 27, 626, 411, 578, 549, 573, 565","talles.gomes, filipe.ramos, leonardo.lima, danilo.coutinho, francisco.favaro, arthur.araujo, Ruan.Silva, Roberto.Oliveira, José.Sobrinho, Marcelo.Santos, Raimundo.Ludgério, Larrysa.Figueiredo, Jobson.Batista, Michael.Oliveira, Marcio.Costa, Jeiseel.Silva, Anderson.Santos","Web, JavaScript"
